[
  {
    "moduleId": "org.jetbrains.kotlinx:atomicfu:0.23.2",
    "file": "/Users/victor/Github/Challenges/bimm-kmp-challenge-base/.kotlin/metadata/kotlinTransformedCInteropMetadataLibraries/org.jetbrains.kotlinx-atomicfu-0.23.2-nativeMain-cinterop/org.jetbrains.kotlinx_atomicfu-cinterop-interop-yBS35w.klib",
    "sourceSetName": "nativeMain"
  },
  {
    "moduleId": "org.jetbrains.compose.ui:ui-uikit:1.8.0",
    "file": "/Users/victor/Github/Challenges/bimm-kmp-challenge-base/.kotlin/metadata/kotlinTransformedCInteropMetadataLibraries/org.jetbrains.compose.ui-ui-uikit-1.8.0-uikitMain-cinterop/org.jetbrains.compose.ui_ui-uikit-cinterop-utils-oOVhOA.klib",
    "sourceSetName": "uikitMain"
  },
  {
    "moduleId": "io.ktor:ktor-utils:2.3.4",
    "file": "/Users/victor/Github/Challenges/bimm-kmp-challenge-base/.kotlin/metadata/kotlinTransformedCInteropMetadataLibraries/io.ktor-ktor-utils-2.3.4-iosMain-cinterop/io.ktor_ktor-utils-cinterop-threadUtils-kaBnRw.klib",
    "sourceSetName": "iosMain"
  }
]