[
  {
    "moduleId": "org.jetbrains.kotlinx:atomicfu:0.20.2",
    "file": "/Users/victor/Github/Challenges/bimm-kmp-challenge-base/.kotlin/metadata/kotlinTransformedCInteropMetadataLibraries/org.jetbrains.kotlinx-atomicfu-0.20.2-nativeMain-cinterop/org.jetbrains.kotlinx_atomicfu-cinterop-interop-nfvfsw.klib",
    "sourceSetName": "nativeMain"
  },
  {
    "moduleId": "io.ktor:ktor-utils:2.3.4",
    "file": "/Users/victor/Github/Challenges/bimm-kmp-challenge-base/.kotlin/metadata/kotlinTransformedCInteropMetadataLibraries/io.ktor-ktor-utils-2.3.4-iosMain-cinterop/io.ktor_ktor-utils-cinterop-threadUtils-kaBnRw.klib",
    "sourceSetName": "iosMain"
  }
]